Video File Name,Label Numeric
Shoplifting\Shoplifting001_x264.mp4\Shoplifting001_x264_0.mp4,0
Shoplifting\Shoplifting001_x264.mp4\Shoplifting001_x264_1.mp4,0
Shoplifting\Shoplifting001_x264.mp4\Shoplifting001_x264_2.mp4,0
Shoplifting\Shoplifting001_x264.mp4\Shoplifting001_x264_3.mp4,0
Shoplifting\Shoplifting001_x264.mp4\Shoplifting001_x264_4.mp4,0
Shoplifting\Shoplifting001_x264.mp4\Shoplifting001_x264_5.mp4,0
Shoplifting\Shoplifting001_x264.mp4\Shoplifting001_x264_6.mp4,0
Shoplifting\Shoplifting001_x264.mp4\Shoplifting001_x264_7.mp4,0
Shoplifting\Shoplifting001_x264.mp4\Shoplifting001_x264_8.mp4,0
Shoplifting\Shoplifting001_x264.mp4\Shoplifting001_x264_9.mp4,1
Shoplifting\Shoplifting001_x264.mp4\Shoplifting001_x264_10.mp4,1
Shoplifting\Shoplifting001_x264.mp4\Shoplifting001_x264_11.mp4,1
Shoplifting\Shoplifting001_x264.mp4\Shoplifting001_x264_12.mp4,1
Shoplifting\Shoplifting001_x264.mp4\Shoplifting001_x264_13.mp4,1
Shoplifting\Shoplifting001_x264.mp4\Shoplifting001_x264_14.mp4,1
Shoplifting\Shoplifting001_x264.mp4\Shoplifting001_x264_15.mp4,1
Shoplifting\Shoplifting001_x264.mp4\Shoplifting001_x264_16.mp4,0
Shoplifting\Shoplifting001_x264.mp4\Shoplifting001_x264_17.mp4,0
Shoplifting\Shoplifting001_x264.mp4\Shoplifting001_x264_18.mp4,0
Shoplifting\Shoplifting001_x264.mp4\Shoplifting001_x264_19.mp4,0
Shoplifting\Shoplifting001_x264.mp4\Shoplifting001_x264_20.mp4,0
Shoplifting\Shoplifting001_x264.mp4\Shoplifting001_x264_21.mp4,0
Shoplifting\Shoplifting001_x264.mp4\Shoplifting001_x264_22.mp4,0
Shoplifting\Shoplifting001_x264.mp4\Shoplifting001_x264_23.mp4,0
Shoplifting\Shoplifting001_x264.mp4\Shoplifting001_x264_24.mp4,0
Shoplifting\Shoplifting001_x264.mp4\Shoplifting001_x264_25.mp4,0
Shoplifting\Shoplifting001_x264.mp4\Shoplifting001_x264_26.mp4,0
Shoplifting\Shoplifting001_x264.mp4\Shoplifting001_x264_27.mp4,0
Shoplifting\Shoplifting001_x264.mp4\Shoplifting001_x264_28.mp4,0
Shoplifting\Shoplifting001_x264.mp4\Shoplifting001_x264_29.mp4,0
Shoplifting\Shoplifting001_x264.mp4\Shoplifting001_x264_30.mp4,0
Shoplifting\Shoplifting001_x264.mp4\Shoplifting001_x264_31.mp4,0
Shoplifting\Shoplifting005_x264.mp4\Shoplifting005_x264_0.mp4,0
Shoplifting\Shoplifting005_x264.mp4\Shoplifting005_x264_1.mp4,0
Shoplifting\Shoplifting005_x264.mp4\Shoplifting005_x264_2.mp4,0
Shoplifting\Shoplifting005_x264.mp4\Shoplifting005_x264_3.mp4,0
Shoplifting\Shoplifting005_x264.mp4\Shoplifting005_x264_4.mp4,0
Shoplifting\Shoplifting005_x264.mp4\Shoplifting005_x264_5.mp4,0
Shoplifting\Shoplifting005_x264.mp4\Shoplifting005_x264_6.mp4,0
Shoplifting\Shoplifting005_x264.mp4\Shoplifting005_x264_7.mp4,0
Shoplifting\Shoplifting005_x264.mp4\Shoplifting005_x264_8.mp4,0
Shoplifting\Shoplifting005_x264.mp4\Shoplifting005_x264_9.mp4,0
Shoplifting\Shoplifting005_x264.mp4\Shoplifting005_x264_10.mp4,0
Shoplifting\Shoplifting005_x264.mp4\Shoplifting005_x264_11.mp4,0
Shoplifting\Shoplifting005_x264.mp4\Shoplifting005_x264_12.mp4,1
Shoplifting\Shoplifting005_x264.mp4\Shoplifting005_x264_13.mp4,1
Shoplifting\Shoplifting005_x264.mp4\Shoplifting005_x264_14.mp4,1
Shoplifting\Shoplifting005_x264.mp4\Shoplifting005_x264_15.mp4,0
Shoplifting\Shoplifting005_x264.mp4\Shoplifting005_x264_16.mp4,0
Shoplifting\Shoplifting005_x264.mp4\Shoplifting005_x264_17.mp4,0
Shoplifting\Shoplifting005_x264.mp4\Shoplifting005_x264_18.mp4,0
Shoplifting\Shoplifting005_x264.mp4\Shoplifting005_x264_19.mp4,0
Shoplifting\Shoplifting005_x264.mp4\Shoplifting005_x264_20.mp4,0
Shoplifting\Shoplifting005_x264.mp4\Shoplifting005_x264_21.mp4,0
Shoplifting\Shoplifting005_x264.mp4\Shoplifting005_x264_22.mp4,0
Shoplifting\Shoplifting005_x264.mp4\Shoplifting005_x264_23.mp4,0
Shoplifting\Shoplifting005_x264.mp4\Shoplifting005_x264_24.mp4,0
Shoplifting\Shoplifting005_x264.mp4\Shoplifting005_x264_25.mp4,0
Shoplifting\Shoplifting005_x264.mp4\Shoplifting005_x264_26.mp4,0
Shoplifting\Shoplifting005_x264.mp4\Shoplifting005_x264_27.mp4,0
Shoplifting\Shoplifting005_x264.mp4\Shoplifting005_x264_28.mp4,0
Shoplifting\Shoplifting005_x264.mp4\Shoplifting005_x264_29.mp4,0
Shoplifting\Shoplifting005_x264.mp4\Shoplifting005_x264_30.mp4,0
Shoplifting\Shoplifting005_x264.mp4\Shoplifting005_x264_31.mp4,0
Shoplifting\Shoplifting006_x264.mp4\Shoplifting006_x264_0.mp4,0
Shoplifting\Shoplifting006_x264.mp4\Shoplifting006_x264_1.mp4,0
Shoplifting\Shoplifting006_x264.mp4\Shoplifting006_x264_2.mp4,0
Shoplifting\Shoplifting006_x264.mp4\Shoplifting006_x264_3.mp4,0
Shoplifting\Shoplifting006_x264.mp4\Shoplifting006_x264_4.mp4,0
Shoplifting\Shoplifting006_x264.mp4\Shoplifting006_x264_5.mp4,0
Shoplifting\Shoplifting006_x264.mp4\Shoplifting006_x264_6.mp4,0
Shoplifting\Shoplifting006_x264.mp4\Shoplifting006_x264_7.mp4,0
Shoplifting\Shoplifting006_x264.mp4\Shoplifting006_x264_8.mp4,0
Shoplifting\Shoplifting006_x264.mp4\Shoplifting006_x264_9.mp4,0
Shoplifting\Shoplifting006_x264.mp4\Shoplifting006_x264_10.mp4,0
Shoplifting\Shoplifting006_x264.mp4\Shoplifting006_x264_11.mp4,0
Shoplifting\Shoplifting006_x264.mp4\Shoplifting006_x264_12.mp4,0
Shoplifting\Shoplifting006_x264.mp4\Shoplifting006_x264_13.mp4,0
Shoplifting\Shoplifting006_x264.mp4\Shoplifting006_x264_14.mp4,0
Shoplifting\Shoplifting006_x264.mp4\Shoplifting006_x264_15.mp4,0
Shoplifting\Shoplifting006_x264.mp4\Shoplifting006_x264_16.mp4,0
Shoplifting\Shoplifting006_x264.mp4\Shoplifting006_x264_17.mp4,0
Shoplifting\Shoplifting006_x264.mp4\Shoplifting006_x264_18.mp4,1
Shoplifting\Shoplifting006_x264.mp4\Shoplifting006_x264_19.mp4,1
Shoplifting\Shoplifting006_x264.mp4\Shoplifting006_x264_20.mp4,0
Shoplifting\Shoplifting006_x264.mp4\Shoplifting006_x264_21.mp4,0
Shoplifting\Shoplifting006_x264.mp4\Shoplifting006_x264_22.mp4,0
Shoplifting\Shoplifting006_x264.mp4\Shoplifting006_x264_23.mp4,0
Shoplifting\Shoplifting006_x264.mp4\Shoplifting006_x264_24.mp4,0
Shoplifting\Shoplifting006_x264.mp4\Shoplifting006_x264_25.mp4,0
Shoplifting\Shoplifting006_x264.mp4\Shoplifting006_x264_26.mp4,1
Shoplifting\Shoplifting006_x264.mp4\Shoplifting006_x264_27.mp4,1
Shoplifting\Shoplifting006_x264.mp4\Shoplifting006_x264_28.mp4,0
Shoplifting\Shoplifting006_x264.mp4\Shoplifting006_x264_29.mp4,0
Shoplifting\Shoplifting006_x264.mp4\Shoplifting006_x264_30.mp4,0
Shoplifting\Shoplifting006_x264.mp4\Shoplifting006_x264_31.mp4,1
Shoplifting\Shoplifting007_x264.mp4\Shoplifting007_x264_0.mp4,0
Shoplifting\Shoplifting007_x264.mp4\Shoplifting007_x264_1.mp4,0
Shoplifting\Shoplifting007_x264.mp4\Shoplifting007_x264_2.mp4,0
Shoplifting\Shoplifting007_x264.mp4\Shoplifting007_x264_3.mp4,1
Shoplifting\Shoplifting007_x264.mp4\Shoplifting007_x264_4.mp4,1
Shoplifting\Shoplifting007_x264.mp4\Shoplifting007_x264_5.mp4,1
Shoplifting\Shoplifting007_x264.mp4\Shoplifting007_x264_6.mp4,1
Shoplifting\Shoplifting007_x264.mp4\Shoplifting007_x264_7.mp4,0
Shoplifting\Shoplifting007_x264.mp4\Shoplifting007_x264_8.mp4,0
Shoplifting\Shoplifting007_x264.mp4\Shoplifting007_x264_9.mp4,0
Shoplifting\Shoplifting007_x264.mp4\Shoplifting007_x264_10.mp4,0
Shoplifting\Shoplifting007_x264.mp4\Shoplifting007_x264_11.mp4,0
Shoplifting\Shoplifting007_x264.mp4\Shoplifting007_x264_12.mp4,0
Shoplifting\Shoplifting007_x264.mp4\Shoplifting007_x264_13.mp4,0
Shoplifting\Shoplifting007_x264.mp4\Shoplifting007_x264_14.mp4,0
Shoplifting\Shoplifting007_x264.mp4\Shoplifting007_x264_15.mp4,0
Shoplifting\Shoplifting007_x264.mp4\Shoplifting007_x264_16.mp4,0
Shoplifting\Shoplifting007_x264.mp4\Shoplifting007_x264_17.mp4,0
Shoplifting\Shoplifting007_x264.mp4\Shoplifting007_x264_18.mp4,0
Shoplifting\Shoplifting007_x264.mp4\Shoplifting007_x264_19.mp4,0
Shoplifting\Shoplifting007_x264.mp4\Shoplifting007_x264_20.mp4,0
Shoplifting\Shoplifting007_x264.mp4\Shoplifting007_x264_21.mp4,0
Shoplifting\Shoplifting007_x264.mp4\Shoplifting007_x264_22.mp4,0
Shoplifting\Shoplifting007_x264.mp4\Shoplifting007_x264_23.mp4,0
Shoplifting\Shoplifting007_x264.mp4\Shoplifting007_x264_24.mp4,0
Shoplifting\Shoplifting007_x264.mp4\Shoplifting007_x264_25.mp4,0
Shoplifting\Shoplifting007_x264.mp4\Shoplifting007_x264_26.mp4,0
Shoplifting\Shoplifting007_x264.mp4\Shoplifting007_x264_27.mp4,0
Shoplifting\Shoplifting007_x264.mp4\Shoplifting007_x264_28.mp4,0
Shoplifting\Shoplifting007_x264.mp4\Shoplifting007_x264_29.mp4,0
Shoplifting\Shoplifting007_x264.mp4\Shoplifting007_x264_30.mp4,0
Shoplifting\Shoplifting007_x264.mp4\Shoplifting007_x264_31.mp4,0
Shoplifting\Shoplifting009_x264.mp4\Shoplifting009_x264_0.mp4,0
Shoplifting\Shoplifting009_x264.mp4\Shoplifting009_x264_1.mp4,0
Shoplifting\Shoplifting009_x264.mp4\Shoplifting009_x264_2.mp4,0
Shoplifting\Shoplifting009_x264.mp4\Shoplifting009_x264_3.mp4,0
Shoplifting\Shoplifting009_x264.mp4\Shoplifting009_x264_4.mp4,0
Shoplifting\Shoplifting009_x264.mp4\Shoplifting009_x264_5.mp4,0
Shoplifting\Shoplifting009_x264.mp4\Shoplifting009_x264_6.mp4,0
Shoplifting\Shoplifting009_x264.mp4\Shoplifting009_x264_7.mp4,0
Shoplifting\Shoplifting009_x264.mp4\Shoplifting009_x264_8.mp4,0
Shoplifting\Shoplifting009_x264.mp4\Shoplifting009_x264_9.mp4,0
Shoplifting\Shoplifting009_x264.mp4\Shoplifting009_x264_10.mp4,0
Shoplifting\Shoplifting009_x264.mp4\Shoplifting009_x264_11.mp4,0
Shoplifting\Shoplifting009_x264.mp4\Shoplifting009_x264_12.mp4,0
Shoplifting\Shoplifting009_x264.mp4\Shoplifting009_x264_13.mp4,0
Shoplifting\Shoplifting009_x264.mp4\Shoplifting009_x264_14.mp4,0
Shoplifting\Shoplifting009_x264.mp4\Shoplifting009_x264_15.mp4,0
Shoplifting\Shoplifting009_x264.mp4\Shoplifting009_x264_16.mp4,0
Shoplifting\Shoplifting009_x264.mp4\Shoplifting009_x264_17.mp4,0
Shoplifting\Shoplifting009_x264.mp4\Shoplifting009_x264_18.mp4,0
Shoplifting\Shoplifting009_x264.mp4\Shoplifting009_x264_19.mp4,0
Shoplifting\Shoplifting009_x264.mp4\Shoplifting009_x264_20.mp4,0
Shoplifting\Shoplifting009_x264.mp4\Shoplifting009_x264_21.mp4,0
Shoplifting\Shoplifting009_x264.mp4\Shoplifting009_x264_22.mp4,0
Shoplifting\Shoplifting009_x264.mp4\Shoplifting009_x264_23.mp4,0
Shoplifting\Shoplifting009_x264.mp4\Shoplifting009_x264_24.mp4,0
Shoplifting\Shoplifting009_x264.mp4\Shoplifting009_x264_25.mp4,0
Shoplifting\Shoplifting009_x264.mp4\Shoplifting009_x264_26.mp4,0
Shoplifting\Shoplifting009_x264.mp4\Shoplifting009_x264_27.mp4,0
Shoplifting\Shoplifting009_x264.mp4\Shoplifting009_x264_28.mp4,0
Shoplifting\Shoplifting009_x264.mp4\Shoplifting009_x264_29.mp4,1
Shoplifting\Shoplifting009_x264.mp4\Shoplifting009_x264_30.mp4,1
Shoplifting\Shoplifting009_x264.mp4\Shoplifting009_x264_31.mp4,1
Shoplifting\Shoplifting010_x264.mp4\Shoplifting010_x264_0.mp4,0
Shoplifting\Shoplifting010_x264.mp4\Shoplifting010_x264_1.mp4,0
Shoplifting\Shoplifting010_x264.mp4\Shoplifting010_x264_2.mp4,0
Shoplifting\Shoplifting010_x264.mp4\Shoplifting010_x264_3.mp4,0
Shoplifting\Shoplifting010_x264.mp4\Shoplifting010_x264_4.mp4,0
Shoplifting\Shoplifting010_x264.mp4\Shoplifting010_x264_5.mp4,0
Shoplifting\Shoplifting010_x264.mp4\Shoplifting010_x264_6.mp4,0
Shoplifting\Shoplifting010_x264.mp4\Shoplifting010_x264_7.mp4,0
Shoplifting\Shoplifting010_x264.mp4\Shoplifting010_x264_8.mp4,0
Shoplifting\Shoplifting010_x264.mp4\Shoplifting010_x264_9.mp4,0
Shoplifting\Shoplifting010_x264.mp4\Shoplifting010_x264_10.mp4,0
Shoplifting\Shoplifting010_x264.mp4\Shoplifting010_x264_11.mp4,0
Shoplifting\Shoplifting010_x264.mp4\Shoplifting010_x264_12.mp4,1
Shoplifting\Shoplifting010_x264.mp4\Shoplifting010_x264_13.mp4,1
Shoplifting\Shoplifting010_x264.mp4\Shoplifting010_x264_14.mp4,1
Shoplifting\Shoplifting010_x264.mp4\Shoplifting010_x264_15.mp4,0
Shoplifting\Shoplifting010_x264.mp4\Shoplifting010_x264_16.mp4,0
Shoplifting\Shoplifting010_x264.mp4\Shoplifting010_x264_17.mp4,0
Shoplifting\Shoplifting010_x264.mp4\Shoplifting010_x264_18.mp4,0
Shoplifting\Shoplifting010_x264.mp4\Shoplifting010_x264_19.mp4,0
Shoplifting\Shoplifting010_x264.mp4\Shoplifting010_x264_20.mp4,0
Shoplifting\Shoplifting010_x264.mp4\Shoplifting010_x264_21.mp4,0
Shoplifting\Shoplifting010_x264.mp4\Shoplifting010_x264_22.mp4,0
Shoplifting\Shoplifting010_x264.mp4\Shoplifting010_x264_23.mp4,0
Shoplifting\Shoplifting010_x264.mp4\Shoplifting010_x264_24.mp4,0
Shoplifting\Shoplifting010_x264.mp4\Shoplifting010_x264_25.mp4,1
Shoplifting\Shoplifting010_x264.mp4\Shoplifting010_x264_26.mp4,1
Shoplifting\Shoplifting010_x264.mp4\Shoplifting010_x264_27.mp4,0
Shoplifting\Shoplifting010_x264.mp4\Shoplifting010_x264_28.mp4,0
Shoplifting\Shoplifting010_x264.mp4\Shoplifting010_x264_29.mp4,1
Shoplifting\Shoplifting010_x264.mp4\Shoplifting010_x264_30.mp4,1
Shoplifting\Shoplifting010_x264.mp4\Shoplifting010_x264_31.mp4,0
Shoplifting\Shoplifting013_x264.mp4\Shoplifting013_x264_0.mp4,0
Shoplifting\Shoplifting013_x264.mp4\Shoplifting013_x264_1.mp4,0
Shoplifting\Shoplifting013_x264.mp4\Shoplifting013_x264_2.mp4,0
Shoplifting\Shoplifting013_x264.mp4\Shoplifting013_x264_3.mp4,1
Shoplifting\Shoplifting013_x264.mp4\Shoplifting013_x264_4.mp4,1
Shoplifting\Shoplifting013_x264.mp4\Shoplifting013_x264_5.mp4,1
Shoplifting\Shoplifting013_x264.mp4\Shoplifting013_x264_6.mp4,1
Shoplifting\Shoplifting013_x264.mp4\Shoplifting013_x264_7.mp4,1
Shoplifting\Shoplifting013_x264.mp4\Shoplifting013_x264_8.mp4,1
Shoplifting\Shoplifting013_x264.mp4\Shoplifting013_x264_9.mp4,1
Shoplifting\Shoplifting013_x264.mp4\Shoplifting013_x264_10.mp4,1
Shoplifting\Shoplifting013_x264.mp4\Shoplifting013_x264_11.mp4,1
Shoplifting\Shoplifting013_x264.mp4\Shoplifting013_x264_12.mp4,1
Shoplifting\Shoplifting013_x264.mp4\Shoplifting013_x264_13.mp4,1
Shoplifting\Shoplifting013_x264.mp4\Shoplifting013_x264_14.mp4,1
Shoplifting\Shoplifting013_x264.mp4\Shoplifting013_x264_15.mp4,1
Shoplifting\Shoplifting013_x264.mp4\Shoplifting013_x264_16.mp4,1
Shoplifting\Shoplifting013_x264.mp4\Shoplifting013_x264_17.mp4,1
Shoplifting\Shoplifting013_x264.mp4\Shoplifting013_x264_18.mp4,1
Shoplifting\Shoplifting013_x264.mp4\Shoplifting013_x264_19.mp4,1
Shoplifting\Shoplifting013_x264.mp4\Shoplifting013_x264_20.mp4,1
Shoplifting\Shoplifting013_x264.mp4\Shoplifting013_x264_21.mp4,1
Shoplifting\Shoplifting013_x264.mp4\Shoplifting013_x264_22.mp4,0
Shoplifting\Shoplifting013_x264.mp4\Shoplifting013_x264_23.mp4,1
Shoplifting\Shoplifting013_x264.mp4\Shoplifting013_x264_24.mp4,1
Shoplifting\Shoplifting013_x264.mp4\Shoplifting013_x264_25.mp4,1
Shoplifting\Shoplifting013_x264.mp4\Shoplifting013_x264_26.mp4,1
Shoplifting\Shoplifting013_x264.mp4\Shoplifting013_x264_27.mp4,0
Shoplifting\Shoplifting013_x264.mp4\Shoplifting013_x264_28.mp4,0
Shoplifting\Shoplifting013_x264.mp4\Shoplifting013_x264_29.mp4,0
Shoplifting\Shoplifting013_x264.mp4\Shoplifting013_x264_30.mp4,0
Shoplifting\Shoplifting013_x264.mp4\Shoplifting013_x264_31.mp4,0
Shoplifting\Shoplifting015_x264.mp4\Shoplifting015_x264_0.mp4,0
Shoplifting\Shoplifting015_x264.mp4\Shoplifting015_x264_1.mp4,0
Shoplifting\Shoplifting015_x264.mp4\Shoplifting015_x264_2.mp4,0
Shoplifting\Shoplifting015_x264.mp4\Shoplifting015_x264_3.mp4,0
Shoplifting\Shoplifting015_x264.mp4\Shoplifting015_x264_4.mp4,0
Shoplifting\Shoplifting015_x264.mp4\Shoplifting015_x264_5.mp4,0
Shoplifting\Shoplifting015_x264.mp4\Shoplifting015_x264_6.mp4,0
Shoplifting\Shoplifting015_x264.mp4\Shoplifting015_x264_7.mp4,0
Shoplifting\Shoplifting015_x264.mp4\Shoplifting015_x264_8.mp4,0
Shoplifting\Shoplifting015_x264.mp4\Shoplifting015_x264_9.mp4,0
Shoplifting\Shoplifting015_x264.mp4\Shoplifting015_x264_10.mp4,0
Shoplifting\Shoplifting015_x264.mp4\Shoplifting015_x264_11.mp4,0
Shoplifting\Shoplifting015_x264.mp4\Shoplifting015_x264_12.mp4,0
Shoplifting\Shoplifting015_x264.mp4\Shoplifting015_x264_13.mp4,0
Shoplifting\Shoplifting015_x264.mp4\Shoplifting015_x264_14.mp4,0
Shoplifting\Shoplifting015_x264.mp4\Shoplifting015_x264_15.mp4,0
Shoplifting\Shoplifting015_x264.mp4\Shoplifting015_x264_16.mp4,0
Shoplifting\Shoplifting015_x264.mp4\Shoplifting015_x264_17.mp4,0
Shoplifting\Shoplifting015_x264.mp4\Shoplifting015_x264_18.mp4,0
Shoplifting\Shoplifting015_x264.mp4\Shoplifting015_x264_19.mp4,0
Shoplifting\Shoplifting015_x264.mp4\Shoplifting015_x264_20.mp4,0
Shoplifting\Shoplifting015_x264.mp4\Shoplifting015_x264_21.mp4,0
Shoplifting\Shoplifting015_x264.mp4\Shoplifting015_x264_22.mp4,0
Shoplifting\Shoplifting015_x264.mp4\Shoplifting015_x264_23.mp4,0
Shoplifting\Shoplifting015_x264.mp4\Shoplifting015_x264_24.mp4,0
Shoplifting\Shoplifting015_x264.mp4\Shoplifting015_x264_25.mp4,0
Shoplifting\Shoplifting015_x264.mp4\Shoplifting015_x264_26.mp4,0
Shoplifting\Shoplifting015_x264.mp4\Shoplifting015_x264_27.mp4,0
Shoplifting\Shoplifting015_x264.mp4\Shoplifting015_x264_28.mp4,0
Shoplifting\Shoplifting015_x264.mp4\Shoplifting015_x264_29.mp4,0
Shoplifting\Shoplifting015_x264.mp4\Shoplifting015_x264_30.mp4,0
Shoplifting\Shoplifting015_x264.mp4\Shoplifting015_x264_31.mp4,0
Shoplifting\Shoplifting016_x264.mp4\Shoplifting016_x264_0.mp4,0
Shoplifting\Shoplifting016_x264.mp4\Shoplifting016_x264_1.mp4,0
Shoplifting\Shoplifting016_x264.mp4\Shoplifting016_x264_2.mp4,0
Shoplifting\Shoplifting016_x264.mp4\Shoplifting016_x264_3.mp4,0
Shoplifting\Shoplifting016_x264.mp4\Shoplifting016_x264_4.mp4,0
Shoplifting\Shoplifting016_x264.mp4\Shoplifting016_x264_5.mp4,0
Shoplifting\Shoplifting016_x264.mp4\Shoplifting016_x264_6.mp4,0
Shoplifting\Shoplifting016_x264.mp4\Shoplifting016_x264_7.mp4,0
Shoplifting\Shoplifting016_x264.mp4\Shoplifting016_x264_8.mp4,0
Shoplifting\Shoplifting016_x264.mp4\Shoplifting016_x264_9.mp4,0
Shoplifting\Shoplifting016_x264.mp4\Shoplifting016_x264_10.mp4,0
Shoplifting\Shoplifting016_x264.mp4\Shoplifting016_x264_11.mp4,0
Shoplifting\Shoplifting016_x264.mp4\Shoplifting016_x264_12.mp4,0
Shoplifting\Shoplifting016_x264.mp4\Shoplifting016_x264_13.mp4,0
Shoplifting\Shoplifting016_x264.mp4\Shoplifting016_x264_14.mp4,0
Shoplifting\Shoplifting016_x264.mp4\Shoplifting016_x264_15.mp4,1
Shoplifting\Shoplifting016_x264.mp4\Shoplifting016_x264_16.mp4,1
Shoplifting\Shoplifting016_x264.mp4\Shoplifting016_x264_17.mp4,1
Shoplifting\Shoplifting016_x264.mp4\Shoplifting016_x264_18.mp4,1
Shoplifting\Shoplifting016_x264.mp4\Shoplifting016_x264_19.mp4,1
Shoplifting\Shoplifting016_x264.mp4\Shoplifting016_x264_20.mp4,1
Shoplifting\Shoplifting016_x264.mp4\Shoplifting016_x264_21.mp4,1
Shoplifting\Shoplifting016_x264.mp4\Shoplifting016_x264_22.mp4,1
Shoplifting\Shoplifting016_x264.mp4\Shoplifting016_x264_23.mp4,1
Shoplifting\Shoplifting016_x264.mp4\Shoplifting016_x264_24.mp4,0
Shoplifting\Shoplifting016_x264.mp4\Shoplifting016_x264_25.mp4,0
Shoplifting\Shoplifting016_x264.mp4\Shoplifting016_x264_26.mp4,0
Shoplifting\Shoplifting016_x264.mp4\Shoplifting016_x264_27.mp4,0
Shoplifting\Shoplifting016_x264.mp4\Shoplifting016_x264_28.mp4,0
Shoplifting\Shoplifting016_x264.mp4\Shoplifting016_x264_29.mp4,0
Shoplifting\Shoplifting016_x264.mp4\Shoplifting016_x264_30.mp4,0
Shoplifting\Shoplifting016_x264.mp4\Shoplifting016_x264_31.mp4,0
Shoplifting\Shoplifting018_x264.mp4\Shoplifting018_x264_0.mp4,0
Shoplifting\Shoplifting018_x264.mp4\Shoplifting018_x264_1.mp4,0
Shoplifting\Shoplifting018_x264.mp4\Shoplifting018_x264_2.mp4,0
Shoplifting\Shoplifting018_x264.mp4\Shoplifting018_x264_3.mp4,0
Shoplifting\Shoplifting018_x264.mp4\Shoplifting018_x264_4.mp4,0
Shoplifting\Shoplifting018_x264.mp4\Shoplifting018_x264_5.mp4,0
Shoplifting\Shoplifting018_x264.mp4\Shoplifting018_x264_6.mp4,1
Shoplifting\Shoplifting018_x264.mp4\Shoplifting018_x264_7.mp4,1
Shoplifting\Shoplifting018_x264.mp4\Shoplifting018_x264_8.mp4,1
Shoplifting\Shoplifting018_x264.mp4\Shoplifting018_x264_9.mp4,1
Shoplifting\Shoplifting018_x264.mp4\Shoplifting018_x264_10.mp4,1
Shoplifting\Shoplifting018_x264.mp4\Shoplifting018_x264_11.mp4,1
Shoplifting\Shoplifting018_x264.mp4\Shoplifting018_x264_12.mp4,1
Shoplifting\Shoplifting018_x264.mp4\Shoplifting018_x264_13.mp4,1
Shoplifting\Shoplifting018_x264.mp4\Shoplifting018_x264_14.mp4,0
Shoplifting\Shoplifting018_x264.mp4\Shoplifting018_x264_15.mp4,0
Shoplifting\Shoplifting018_x264.mp4\Shoplifting018_x264_16.mp4,0
Shoplifting\Shoplifting018_x264.mp4\Shoplifting018_x264_17.mp4,0
Shoplifting\Shoplifting018_x264.mp4\Shoplifting018_x264_18.mp4,1
Shoplifting\Shoplifting018_x264.mp4\Shoplifting018_x264_19.mp4,1
Shoplifting\Shoplifting018_x264.mp4\Shoplifting018_x264_20.mp4,1
Shoplifting\Shoplifting018_x264.mp4\Shoplifting018_x264_21.mp4,1
Shoplifting\Shoplifting018_x264.mp4\Shoplifting018_x264_22.mp4,1
Shoplifting\Shoplifting018_x264.mp4\Shoplifting018_x264_23.mp4,1
Shoplifting\Shoplifting018_x264.mp4\Shoplifting018_x264_24.mp4,1
Shoplifting\Shoplifting018_x264.mp4\Shoplifting018_x264_25.mp4,1
Shoplifting\Shoplifting018_x264.mp4\Shoplifting018_x264_26.mp4,0
Shoplifting\Shoplifting018_x264.mp4\Shoplifting018_x264_27.mp4,0
Shoplifting\Shoplifting018_x264.mp4\Shoplifting018_x264_28.mp4,0
Shoplifting\Shoplifting018_x264.mp4\Shoplifting018_x264_29.mp4,0
Shoplifting\Shoplifting018_x264.mp4\Shoplifting018_x264_30.mp4,0
Shoplifting\Shoplifting018_x264.mp4\Shoplifting018_x264_31.mp4,0
Shoplifting\Shoplifting021_x264.mp4\Shoplifting021_x264_0.mp4,0
Shoplifting\Shoplifting021_x264.mp4\Shoplifting021_x264_1.mp4,0
Shoplifting\Shoplifting021_x264.mp4\Shoplifting021_x264_2.mp4,0
Shoplifting\Shoplifting021_x264.mp4\Shoplifting021_x264_3.mp4,0
Shoplifting\Shoplifting021_x264.mp4\Shoplifting021_x264_4.mp4,0
Shoplifting\Shoplifting021_x264.mp4\Shoplifting021_x264_5.mp4,0
Shoplifting\Shoplifting021_x264.mp4\Shoplifting021_x264_6.mp4,0
Shoplifting\Shoplifting021_x264.mp4\Shoplifting021_x264_7.mp4,0
Shoplifting\Shoplifting021_x264.mp4\Shoplifting021_x264_8.mp4,0
Shoplifting\Shoplifting021_x264.mp4\Shoplifting021_x264_9.mp4,0
Shoplifting\Shoplifting021_x264.mp4\Shoplifting021_x264_10.mp4,0
Shoplifting\Shoplifting021_x264.mp4\Shoplifting021_x264_11.mp4,0
Shoplifting\Shoplifting021_x264.mp4\Shoplifting021_x264_12.mp4,0
Shoplifting\Shoplifting021_x264.mp4\Shoplifting021_x264_13.mp4,0
Shoplifting\Shoplifting021_x264.mp4\Shoplifting021_x264_14.mp4,0
Shoplifting\Shoplifting021_x264.mp4\Shoplifting021_x264_15.mp4,0
Shoplifting\Shoplifting021_x264.mp4\Shoplifting021_x264_16.mp4,0
Shoplifting\Shoplifting021_x264.mp4\Shoplifting021_x264_17.mp4,0
Shoplifting\Shoplifting021_x264.mp4\Shoplifting021_x264_18.mp4,0
Shoplifting\Shoplifting021_x264.mp4\Shoplifting021_x264_19.mp4,0
Shoplifting\Shoplifting021_x264.mp4\Shoplifting021_x264_20.mp4,0
Shoplifting\Shoplifting021_x264.mp4\Shoplifting021_x264_21.mp4,0
Shoplifting\Shoplifting021_x264.mp4\Shoplifting021_x264_22.mp4,0
Shoplifting\Shoplifting021_x264.mp4\Shoplifting021_x264_23.mp4,1
Shoplifting\Shoplifting021_x264.mp4\Shoplifting021_x264_24.mp4,1
Shoplifting\Shoplifting021_x264.mp4\Shoplifting021_x264_25.mp4,0
Shoplifting\Shoplifting021_x264.mp4\Shoplifting021_x264_26.mp4,0
Shoplifting\Shoplifting021_x264.mp4\Shoplifting021_x264_27.mp4,0
Shoplifting\Shoplifting021_x264.mp4\Shoplifting021_x264_28.mp4,0
Shoplifting\Shoplifting021_x264.mp4\Shoplifting021_x264_29.mp4,0
Shoplifting\Shoplifting021_x264.mp4\Shoplifting021_x264_30.mp4,0
Shoplifting\Shoplifting021_x264.mp4\Shoplifting021_x264_31.mp4,0
Shoplifting\Shoplifting022_x264.mp4\Shoplifting022_x264_0.mp4,0
Shoplifting\Shoplifting022_x264.mp4\Shoplifting022_x264_1.mp4,0
Shoplifting\Shoplifting022_x264.mp4\Shoplifting022_x264_2.mp4,0
Shoplifting\Shoplifting022_x264.mp4\Shoplifting022_x264_3.mp4,0
Shoplifting\Shoplifting022_x264.mp4\Shoplifting022_x264_4.mp4,1
Shoplifting\Shoplifting022_x264.mp4\Shoplifting022_x264_5.mp4,1
Shoplifting\Shoplifting022_x264.mp4\Shoplifting022_x264_6.mp4,1
Shoplifting\Shoplifting022_x264.mp4\Shoplifting022_x264_7.mp4,0
Shoplifting\Shoplifting022_x264.mp4\Shoplifting022_x264_8.mp4,0
Shoplifting\Shoplifting022_x264.mp4\Shoplifting022_x264_9.mp4,0
Shoplifting\Shoplifting022_x264.mp4\Shoplifting022_x264_10.mp4,0
Shoplifting\Shoplifting022_x264.mp4\Shoplifting022_x264_11.mp4,0
Shoplifting\Shoplifting022_x264.mp4\Shoplifting022_x264_12.mp4,0
Shoplifting\Shoplifting022_x264.mp4\Shoplifting022_x264_13.mp4,0
Shoplifting\Shoplifting022_x264.mp4\Shoplifting022_x264_14.mp4,0
Shoplifting\Shoplifting022_x264.mp4\Shoplifting022_x264_15.mp4,0
Shoplifting\Shoplifting022_x264.mp4\Shoplifting022_x264_16.mp4,0
Shoplifting\Shoplifting022_x264.mp4\Shoplifting022_x264_17.mp4,0
Shoplifting\Shoplifting022_x264.mp4\Shoplifting022_x264_18.mp4,0
Shoplifting\Shoplifting022_x264.mp4\Shoplifting022_x264_19.mp4,0
Shoplifting\Shoplifting022_x264.mp4\Shoplifting022_x264_20.mp4,0
Shoplifting\Shoplifting022_x264.mp4\Shoplifting022_x264_21.mp4,0
Shoplifting\Shoplifting022_x264.mp4\Shoplifting022_x264_22.mp4,0
Shoplifting\Shoplifting022_x264.mp4\Shoplifting022_x264_23.mp4,0
Shoplifting\Shoplifting022_x264.mp4\Shoplifting022_x264_24.mp4,0
Shoplifting\Shoplifting022_x264.mp4\Shoplifting022_x264_25.mp4,1
Shoplifting\Shoplifting022_x264.mp4\Shoplifting022_x264_26.mp4,1
Shoplifting\Shoplifting022_x264.mp4\Shoplifting022_x264_27.mp4,0
Shoplifting\Shoplifting022_x264.mp4\Shoplifting022_x264_28.mp4,0
Shoplifting\Shoplifting022_x264.mp4\Shoplifting022_x264_29.mp4,0
Shoplifting\Shoplifting022_x264.mp4\Shoplifting022_x264_30.mp4,0
Shoplifting\Shoplifting022_x264.mp4\Shoplifting022_x264_31.mp4,0
Shoplifting\Shoplifting024_x264.mp4\Shoplifting024_x264_0.mp4,0
Shoplifting\Shoplifting024_x264.mp4\Shoplifting024_x264_1.mp4,0
Shoplifting\Shoplifting024_x264.mp4\Shoplifting024_x264_2.mp4,0
Shoplifting\Shoplifting024_x264.mp4\Shoplifting024_x264_3.mp4,0
Shoplifting\Shoplifting024_x264.mp4\Shoplifting024_x264_4.mp4,0
Shoplifting\Shoplifting024_x264.mp4\Shoplifting024_x264_5.mp4,0
Shoplifting\Shoplifting024_x264.mp4\Shoplifting024_x264_6.mp4,0
Shoplifting\Shoplifting024_x264.mp4\Shoplifting024_x264_7.mp4,0
Shoplifting\Shoplifting024_x264.mp4\Shoplifting024_x264_8.mp4,0
Shoplifting\Shoplifting024_x264.mp4\Shoplifting024_x264_9.mp4,0
Shoplifting\Shoplifting024_x264.mp4\Shoplifting024_x264_10.mp4,0
Shoplifting\Shoplifting024_x264.mp4\Shoplifting024_x264_11.mp4,0
Shoplifting\Shoplifting024_x264.mp4\Shoplifting024_x264_12.mp4,0
Shoplifting\Shoplifting024_x264.mp4\Shoplifting024_x264_13.mp4,0
Shoplifting\Shoplifting024_x264.mp4\Shoplifting024_x264_14.mp4,0
Shoplifting\Shoplifting024_x264.mp4\Shoplifting024_x264_15.mp4,0
Shoplifting\Shoplifting024_x264.mp4\Shoplifting024_x264_16.mp4,0
Shoplifting\Shoplifting024_x264.mp4\Shoplifting024_x264_17.mp4,0
Shoplifting\Shoplifting024_x264.mp4\Shoplifting024_x264_18.mp4,0
Shoplifting\Shoplifting024_x264.mp4\Shoplifting024_x264_19.mp4,0
Shoplifting\Shoplifting024_x264.mp4\Shoplifting024_x264_20.mp4,0
Shoplifting\Shoplifting024_x264.mp4\Shoplifting024_x264_21.mp4,0
Shoplifting\Shoplifting024_x264.mp4\Shoplifting024_x264_22.mp4,0
Shoplifting\Shoplifting024_x264.mp4\Shoplifting024_x264_23.mp4,0
Shoplifting\Shoplifting024_x264.mp4\Shoplifting024_x264_24.mp4,0
Shoplifting\Shoplifting024_x264.mp4\Shoplifting024_x264_25.mp4,0
Shoplifting\Shoplifting024_x264.mp4\Shoplifting024_x264_26.mp4,0
Shoplifting\Shoplifting024_x264.mp4\Shoplifting024_x264_27.mp4,1
Shoplifting\Shoplifting024_x264.mp4\Shoplifting024_x264_28.mp4,1
Shoplifting\Shoplifting024_x264.mp4\Shoplifting024_x264_29.mp4,1
Shoplifting\Shoplifting024_x264.mp4\Shoplifting024_x264_30.mp4,1
Shoplifting\Shoplifting024_x264.mp4\Shoplifting024_x264_31.mp4,1
Shoplifting\Shoplifting025_x264.mp4\Shoplifting025_x264_0.mp4,0
Shoplifting\Shoplifting025_x264.mp4\Shoplifting025_x264_1.mp4,0
Shoplifting\Shoplifting025_x264.mp4\Shoplifting025_x264_2.mp4,0
Shoplifting\Shoplifting025_x264.mp4\Shoplifting025_x264_3.mp4,0
Shoplifting\Shoplifting025_x264.mp4\Shoplifting025_x264_4.mp4,0
Shoplifting\Shoplifting025_x264.mp4\Shoplifting025_x264_5.mp4,0
Shoplifting\Shoplifting025_x264.mp4\Shoplifting025_x264_6.mp4,0
Shoplifting\Shoplifting025_x264.mp4\Shoplifting025_x264_7.mp4,0
Shoplifting\Shoplifting025_x264.mp4\Shoplifting025_x264_8.mp4,0
Shoplifting\Shoplifting025_x264.mp4\Shoplifting025_x264_9.mp4,0
Shoplifting\Shoplifting025_x264.mp4\Shoplifting025_x264_10.mp4,0
Shoplifting\Shoplifting025_x264.mp4\Shoplifting025_x264_11.mp4,0
Shoplifting\Shoplifting025_x264.mp4\Shoplifting025_x264_12.mp4,1
Shoplifting\Shoplifting025_x264.mp4\Shoplifting025_x264_13.mp4,1
Shoplifting\Shoplifting025_x264.mp4\Shoplifting025_x264_14.mp4,1
Shoplifting\Shoplifting025_x264.mp4\Shoplifting025_x264_15.mp4,1
Shoplifting\Shoplifting025_x264.mp4\Shoplifting025_x264_16.mp4,1
Shoplifting\Shoplifting025_x264.mp4\Shoplifting025_x264_17.mp4,1
Shoplifting\Shoplifting025_x264.mp4\Shoplifting025_x264_18.mp4,1
Shoplifting\Shoplifting025_x264.mp4\Shoplifting025_x264_19.mp4,1
Shoplifting\Shoplifting025_x264.mp4\Shoplifting025_x264_20.mp4,1
Shoplifting\Shoplifting025_x264.mp4\Shoplifting025_x264_21.mp4,1
Shoplifting\Shoplifting025_x264.mp4\Shoplifting025_x264_22.mp4,1
Shoplifting\Shoplifting025_x264.mp4\Shoplifting025_x264_23.mp4,1
Shoplifting\Shoplifting025_x264.mp4\Shoplifting025_x264_24.mp4,1
Shoplifting\Shoplifting025_x264.mp4\Shoplifting025_x264_25.mp4,0
Shoplifting\Shoplifting025_x264.mp4\Shoplifting025_x264_26.mp4,0
Shoplifting\Shoplifting025_x264.mp4\Shoplifting025_x264_27.mp4,0
Shoplifting\Shoplifting025_x264.mp4\Shoplifting025_x264_28.mp4,0
Shoplifting\Shoplifting025_x264.mp4\Shoplifting025_x264_29.mp4,0
Shoplifting\Shoplifting025_x264.mp4\Shoplifting025_x264_30.mp4,0
Shoplifting\Shoplifting025_x264.mp4\Shoplifting025_x264_31.mp4,0
Shoplifting\Shoplifting026_x264.mp4\Shoplifting026_x264_0.mp4,0
Shoplifting\Shoplifting026_x264.mp4\Shoplifting026_x264_1.mp4,0
Shoplifting\Shoplifting026_x264.mp4\Shoplifting026_x264_2.mp4,0
Shoplifting\Shoplifting026_x264.mp4\Shoplifting026_x264_3.mp4,0
Shoplifting\Shoplifting026_x264.mp4\Shoplifting026_x264_4.mp4,0
Shoplifting\Shoplifting026_x264.mp4\Shoplifting026_x264_5.mp4,0
Shoplifting\Shoplifting026_x264.mp4\Shoplifting026_x264_6.mp4,0
Shoplifting\Shoplifting026_x264.mp4\Shoplifting026_x264_7.mp4,0
Shoplifting\Shoplifting026_x264.mp4\Shoplifting026_x264_8.mp4,1
Shoplifting\Shoplifting026_x264.mp4\Shoplifting026_x264_9.mp4,1
Shoplifting\Shoplifting026_x264.mp4\Shoplifting026_x264_10.mp4,1
Shoplifting\Shoplifting026_x264.mp4\Shoplifting026_x264_11.mp4,1
Shoplifting\Shoplifting026_x264.mp4\Shoplifting026_x264_12.mp4,0
Shoplifting\Shoplifting026_x264.mp4\Shoplifting026_x264_13.mp4,0
Shoplifting\Shoplifting026_x264.mp4\Shoplifting026_x264_14.mp4,0
Shoplifting\Shoplifting026_x264.mp4\Shoplifting026_x264_15.mp4,0
Shoplifting\Shoplifting026_x264.mp4\Shoplifting026_x264_16.mp4,0
Shoplifting\Shoplifting026_x264.mp4\Shoplifting026_x264_17.mp4,0
Shoplifting\Shoplifting026_x264.mp4\Shoplifting026_x264_18.mp4,0
Shoplifting\Shoplifting026_x264.mp4\Shoplifting026_x264_19.mp4,0
Shoplifting\Shoplifting026_x264.mp4\Shoplifting026_x264_20.mp4,0
Shoplifting\Shoplifting026_x264.mp4\Shoplifting026_x264_21.mp4,0
Shoplifting\Shoplifting026_x264.mp4\Shoplifting026_x264_22.mp4,0
Shoplifting\Shoplifting026_x264.mp4\Shoplifting026_x264_23.mp4,1
Shoplifting\Shoplifting026_x264.mp4\Shoplifting026_x264_24.mp4,1
Shoplifting\Shoplifting026_x264.mp4\Shoplifting026_x264_25.mp4,1
Shoplifting\Shoplifting026_x264.mp4\Shoplifting026_x264_26.mp4,1
Shoplifting\Shoplifting026_x264.mp4\Shoplifting026_x264_27.mp4,1
Shoplifting\Shoplifting026_x264.mp4\Shoplifting026_x264_28.mp4,1
Shoplifting\Shoplifting026_x264.mp4\Shoplifting026_x264_29.mp4,1
Shoplifting\Shoplifting026_x264.mp4\Shoplifting026_x264_30.mp4,1
Shoplifting\Shoplifting026_x264.mp4\Shoplifting026_x264_31.mp4,1
Shoplifting\Shoplifting032_x264.mp4\Shoplifting032_x264_0.mp4,0
Shoplifting\Shoplifting032_x264.mp4\Shoplifting032_x264_1.mp4,0
Shoplifting\Shoplifting032_x264.mp4\Shoplifting032_x264_2.mp4,0
Shoplifting\Shoplifting032_x264.mp4\Shoplifting032_x264_3.mp4,0
Shoplifting\Shoplifting032_x264.mp4\Shoplifting032_x264_4.mp4,0
Shoplifting\Shoplifting032_x264.mp4\Shoplifting032_x264_5.mp4,0
Shoplifting\Shoplifting032_x264.mp4\Shoplifting032_x264_6.mp4,0
Shoplifting\Shoplifting032_x264.mp4\Shoplifting032_x264_7.mp4,0
Shoplifting\Shoplifting032_x264.mp4\Shoplifting032_x264_8.mp4,0
Shoplifting\Shoplifting032_x264.mp4\Shoplifting032_x264_9.mp4,0
Shoplifting\Shoplifting032_x264.mp4\Shoplifting032_x264_10.mp4,0
Shoplifting\Shoplifting032_x264.mp4\Shoplifting032_x264_11.mp4,0
Shoplifting\Shoplifting032_x264.mp4\Shoplifting032_x264_12.mp4,0
Shoplifting\Shoplifting032_x264.mp4\Shoplifting032_x264_13.mp4,0
Shoplifting\Shoplifting032_x264.mp4\Shoplifting032_x264_14.mp4,0
Shoplifting\Shoplifting032_x264.mp4\Shoplifting032_x264_15.mp4,0
Shoplifting\Shoplifting032_x264.mp4\Shoplifting032_x264_16.mp4,0
Shoplifting\Shoplifting032_x264.mp4\Shoplifting032_x264_17.mp4,0
Shoplifting\Shoplifting032_x264.mp4\Shoplifting032_x264_18.mp4,0
Shoplifting\Shoplifting032_x264.mp4\Shoplifting032_x264_19.mp4,0
Shoplifting\Shoplifting032_x264.mp4\Shoplifting032_x264_20.mp4,0
Shoplifting\Shoplifting032_x264.mp4\Shoplifting032_x264_21.mp4,0
Shoplifting\Shoplifting032_x264.mp4\Shoplifting032_x264_22.mp4,0
Shoplifting\Shoplifting032_x264.mp4\Shoplifting032_x264_23.mp4,0
Shoplifting\Shoplifting032_x264.mp4\Shoplifting032_x264_24.mp4,0
Shoplifting\Shoplifting032_x264.mp4\Shoplifting032_x264_25.mp4,0
Shoplifting\Shoplifting032_x264.mp4\Shoplifting032_x264_26.mp4,0
Shoplifting\Shoplifting032_x264.mp4\Shoplifting032_x264_27.mp4,0
Shoplifting\Shoplifting032_x264.mp4\Shoplifting032_x264_28.mp4,0
Shoplifting\Shoplifting032_x264.mp4\Shoplifting032_x264_29.mp4,0
Shoplifting\Shoplifting032_x264.mp4\Shoplifting032_x264_30.mp4,0
Shoplifting\Shoplifting032_x264.mp4\Shoplifting032_x264_31.mp4,0
Shoplifting\Shoplifting036_x264.mp4\Shoplifting036_x264_0.mp4,0
Shoplifting\Shoplifting036_x264.mp4\Shoplifting036_x264_1.mp4,0
Shoplifting\Shoplifting036_x264.mp4\Shoplifting036_x264_2.mp4,0
Shoplifting\Shoplifting036_x264.mp4\Shoplifting036_x264_3.mp4,0
Shoplifting\Shoplifting036_x264.mp4\Shoplifting036_x264_4.mp4,0
Shoplifting\Shoplifting036_x264.mp4\Shoplifting036_x264_5.mp4,0
Shoplifting\Shoplifting036_x264.mp4\Shoplifting036_x264_6.mp4,0
Shoplifting\Shoplifting036_x264.mp4\Shoplifting036_x264_7.mp4,0
Shoplifting\Shoplifting036_x264.mp4\Shoplifting036_x264_8.mp4,0
Shoplifting\Shoplifting036_x264.mp4\Shoplifting036_x264_9.mp4,0
Shoplifting\Shoplifting036_x264.mp4\Shoplifting036_x264_10.mp4,0
Shoplifting\Shoplifting036_x264.mp4\Shoplifting036_x264_11.mp4,0
Shoplifting\Shoplifting036_x264.mp4\Shoplifting036_x264_12.mp4,0
Shoplifting\Shoplifting036_x264.mp4\Shoplifting036_x264_13.mp4,0
Shoplifting\Shoplifting036_x264.mp4\Shoplifting036_x264_14.mp4,0
Shoplifting\Shoplifting036_x264.mp4\Shoplifting036_x264_15.mp4,0
Shoplifting\Shoplifting036_x264.mp4\Shoplifting036_x264_16.mp4,0
Shoplifting\Shoplifting036_x264.mp4\Shoplifting036_x264_17.mp4,0
Shoplifting\Shoplifting036_x264.mp4\Shoplifting036_x264_18.mp4,0
Shoplifting\Shoplifting036_x264.mp4\Shoplifting036_x264_19.mp4,0
Shoplifting\Shoplifting036_x264.mp4\Shoplifting036_x264_20.mp4,0
Shoplifting\Shoplifting036_x264.mp4\Shoplifting036_x264_21.mp4,0
Shoplifting\Shoplifting036_x264.mp4\Shoplifting036_x264_22.mp4,0
Shoplifting\Shoplifting036_x264.mp4\Shoplifting036_x264_23.mp4,0
Shoplifting\Shoplifting036_x264.mp4\Shoplifting036_x264_24.mp4,0
Shoplifting\Shoplifting036_x264.mp4\Shoplifting036_x264_25.mp4,0
Shoplifting\Shoplifting036_x264.mp4\Shoplifting036_x264_26.mp4,0
Shoplifting\Shoplifting036_x264.mp4\Shoplifting036_x264_27.mp4,1
Shoplifting\Shoplifting036_x264.mp4\Shoplifting036_x264_28.mp4,0
Shoplifting\Shoplifting036_x264.mp4\Shoplifting036_x264_29.mp4,0
Shoplifting\Shoplifting036_x264.mp4\Shoplifting036_x264_30.mp4,1
Shoplifting\Shoplifting036_x264.mp4\Shoplifting036_x264_31.mp4,1
Shoplifting\Shoplifting037_x264.mp4\Shoplifting037_x264_0.mp4,0
Shoplifting\Shoplifting037_x264.mp4\Shoplifting037_x264_1.mp4,0
Shoplifting\Shoplifting037_x264.mp4\Shoplifting037_x264_2.mp4,0
Shoplifting\Shoplifting037_x264.mp4\Shoplifting037_x264_3.mp4,0
Shoplifting\Shoplifting037_x264.mp4\Shoplifting037_x264_4.mp4,0
Shoplifting\Shoplifting037_x264.mp4\Shoplifting037_x264_5.mp4,0
Shoplifting\Shoplifting037_x264.mp4\Shoplifting037_x264_6.mp4,0
Shoplifting\Shoplifting037_x264.mp4\Shoplifting037_x264_7.mp4,0
Shoplifting\Shoplifting037_x264.mp4\Shoplifting037_x264_8.mp4,0
Shoplifting\Shoplifting037_x264.mp4\Shoplifting037_x264_9.mp4,0
Shoplifting\Shoplifting037_x264.mp4\Shoplifting037_x264_10.mp4,0
Shoplifting\Shoplifting037_x264.mp4\Shoplifting037_x264_11.mp4,0
Shoplifting\Shoplifting037_x264.mp4\Shoplifting037_x264_12.mp4,0
Shoplifting\Shoplifting037_x264.mp4\Shoplifting037_x264_13.mp4,0
Shoplifting\Shoplifting037_x264.mp4\Shoplifting037_x264_14.mp4,0
Shoplifting\Shoplifting037_x264.mp4\Shoplifting037_x264_15.mp4,0
Shoplifting\Shoplifting037_x264.mp4\Shoplifting037_x264_16.mp4,0
Shoplifting\Shoplifting037_x264.mp4\Shoplifting037_x264_17.mp4,0
Shoplifting\Shoplifting037_x264.mp4\Shoplifting037_x264_18.mp4,0
Shoplifting\Shoplifting037_x264.mp4\Shoplifting037_x264_19.mp4,0
Shoplifting\Shoplifting037_x264.mp4\Shoplifting037_x264_20.mp4,0
Shoplifting\Shoplifting037_x264.mp4\Shoplifting037_x264_21.mp4,0
Shoplifting\Shoplifting037_x264.mp4\Shoplifting037_x264_22.mp4,0
Shoplifting\Shoplifting037_x264.mp4\Shoplifting037_x264_23.mp4,0
Shoplifting\Shoplifting037_x264.mp4\Shoplifting037_x264_24.mp4,0
Shoplifting\Shoplifting037_x264.mp4\Shoplifting037_x264_25.mp4,0
Shoplifting\Shoplifting037_x264.mp4\Shoplifting037_x264_26.mp4,0
Shoplifting\Shoplifting037_x264.mp4\Shoplifting037_x264_27.mp4,0
Shoplifting\Shoplifting037_x264.mp4\Shoplifting037_x264_28.mp4,0
Shoplifting\Shoplifting037_x264.mp4\Shoplifting037_x264_29.mp4,0
Shoplifting\Shoplifting037_x264.mp4\Shoplifting037_x264_30.mp4,0
Shoplifting\Shoplifting037_x264.mp4\Shoplifting037_x264_31.mp4,0
Shoplifting\Shoplifting038_x264.mp4\Shoplifting038_x264_0.mp4,0
Shoplifting\Shoplifting038_x264.mp4\Shoplifting038_x264_1.mp4,0
Shoplifting\Shoplifting038_x264.mp4\Shoplifting038_x264_2.mp4,0
Shoplifting\Shoplifting038_x264.mp4\Shoplifting038_x264_3.mp4,0
Shoplifting\Shoplifting038_x264.mp4\Shoplifting038_x264_4.mp4,0
Shoplifting\Shoplifting038_x264.mp4\Shoplifting038_x264_5.mp4,0
Shoplifting\Shoplifting038_x264.mp4\Shoplifting038_x264_6.mp4,0
Shoplifting\Shoplifting038_x264.mp4\Shoplifting038_x264_7.mp4,0
Shoplifting\Shoplifting038_x264.mp4\Shoplifting038_x264_8.mp4,0
Shoplifting\Shoplifting038_x264.mp4\Shoplifting038_x264_9.mp4,0
Shoplifting\Shoplifting038_x264.mp4\Shoplifting038_x264_10.mp4,0
Shoplifting\Shoplifting038_x264.mp4\Shoplifting038_x264_11.mp4,0
Shoplifting\Shoplifting038_x264.mp4\Shoplifting038_x264_12.mp4,0
Shoplifting\Shoplifting038_x264.mp4\Shoplifting038_x264_13.mp4,0
Shoplifting\Shoplifting038_x264.mp4\Shoplifting038_x264_14.mp4,0
Shoplifting\Shoplifting038_x264.mp4\Shoplifting038_x264_15.mp4,0
Shoplifting\Shoplifting038_x264.mp4\Shoplifting038_x264_16.mp4,0
Shoplifting\Shoplifting038_x264.mp4\Shoplifting038_x264_17.mp4,0
Shoplifting\Shoplifting038_x264.mp4\Shoplifting038_x264_18.mp4,0
Shoplifting\Shoplifting038_x264.mp4\Shoplifting038_x264_19.mp4,0
Shoplifting\Shoplifting038_x264.mp4\Shoplifting038_x264_20.mp4,0
Shoplifting\Shoplifting038_x264.mp4\Shoplifting038_x264_21.mp4,0
Shoplifting\Shoplifting038_x264.mp4\Shoplifting038_x264_22.mp4,0
Shoplifting\Shoplifting038_x264.mp4\Shoplifting038_x264_23.mp4,0
Shoplifting\Shoplifting038_x264.mp4\Shoplifting038_x264_24.mp4,0
Shoplifting\Shoplifting038_x264.mp4\Shoplifting038_x264_25.mp4,0
Shoplifting\Shoplifting038_x264.mp4\Shoplifting038_x264_26.mp4,1
Shoplifting\Shoplifting038_x264.mp4\Shoplifting038_x264_27.mp4,1
Shoplifting\Shoplifting038_x264.mp4\Shoplifting038_x264_28.mp4,1
Shoplifting\Shoplifting038_x264.mp4\Shoplifting038_x264_29.mp4,0
Shoplifting\Shoplifting038_x264.mp4\Shoplifting038_x264_30.mp4,0
Shoplifting\Shoplifting038_x264.mp4\Shoplifting038_x264_31.mp4,0
Shoplifting\Shoplifting039_x264.mp4\Shoplifting039_x264_0.mp4,0
Shoplifting\Shoplifting039_x264.mp4\Shoplifting039_x264_1.mp4,0
Shoplifting\Shoplifting039_x264.mp4\Shoplifting039_x264_2.mp4,0
Shoplifting\Shoplifting039_x264.mp4\Shoplifting039_x264_3.mp4,0
Shoplifting\Shoplifting039_x264.mp4\Shoplifting039_x264_4.mp4,0
Shoplifting\Shoplifting039_x264.mp4\Shoplifting039_x264_5.mp4,0
Shoplifting\Shoplifting039_x264.mp4\Shoplifting039_x264_6.mp4,0
Shoplifting\Shoplifting039_x264.mp4\Shoplifting039_x264_7.mp4,0
Shoplifting\Shoplifting039_x264.mp4\Shoplifting039_x264_8.mp4,0
Shoplifting\Shoplifting039_x264.mp4\Shoplifting039_x264_9.mp4,0
Shoplifting\Shoplifting039_x264.mp4\Shoplifting039_x264_10.mp4,0
Shoplifting\Shoplifting039_x264.mp4\Shoplifting039_x264_11.mp4,0
Shoplifting\Shoplifting039_x264.mp4\Shoplifting039_x264_12.mp4,0
Shoplifting\Shoplifting039_x264.mp4\Shoplifting039_x264_13.mp4,0
Shoplifting\Shoplifting039_x264.mp4\Shoplifting039_x264_14.mp4,0
Shoplifting\Shoplifting039_x264.mp4\Shoplifting039_x264_15.mp4,0
Shoplifting\Shoplifting039_x264.mp4\Shoplifting039_x264_16.mp4,0
Shoplifting\Shoplifting039_x264.mp4\Shoplifting039_x264_17.mp4,0
Shoplifting\Shoplifting039_x264.mp4\Shoplifting039_x264_18.mp4,0
Shoplifting\Shoplifting039_x264.mp4\Shoplifting039_x264_19.mp4,0
Shoplifting\Shoplifting039_x264.mp4\Shoplifting039_x264_20.mp4,0
Shoplifting\Shoplifting039_x264.mp4\Shoplifting039_x264_21.mp4,0
Shoplifting\Shoplifting039_x264.mp4\Shoplifting039_x264_22.mp4,0
Shoplifting\Shoplifting039_x264.mp4\Shoplifting039_x264_23.mp4,0
Shoplifting\Shoplifting039_x264.mp4\Shoplifting039_x264_24.mp4,0
Shoplifting\Shoplifting039_x264.mp4\Shoplifting039_x264_25.mp4,0
Shoplifting\Shoplifting039_x264.mp4\Shoplifting039_x264_26.mp4,0
Shoplifting\Shoplifting039_x264.mp4\Shoplifting039_x264_27.mp4,0
Shoplifting\Shoplifting039_x264.mp4\Shoplifting039_x264_28.mp4,0
Shoplifting\Shoplifting039_x264.mp4\Shoplifting039_x264_29.mp4,0
Shoplifting\Shoplifting039_x264.mp4\Shoplifting039_x264_30.mp4,0
Shoplifting\Shoplifting039_x264.mp4\Shoplifting039_x264_31.mp4,0
Shoplifting\Shoplifting042_x264.mp4\Shoplifting042_x264_0.mp4,0
Shoplifting\Shoplifting042_x264.mp4\Shoplifting042_x264_1.mp4,0
Shoplifting\Shoplifting042_x264.mp4\Shoplifting042_x264_2.mp4,0
Shoplifting\Shoplifting042_x264.mp4\Shoplifting042_x264_3.mp4,0
Shoplifting\Shoplifting042_x264.mp4\Shoplifting042_x264_4.mp4,0
Shoplifting\Shoplifting042_x264.mp4\Shoplifting042_x264_5.mp4,0
Shoplifting\Shoplifting042_x264.mp4\Shoplifting042_x264_6.mp4,0
Shoplifting\Shoplifting042_x264.mp4\Shoplifting042_x264_7.mp4,0
Shoplifting\Shoplifting042_x264.mp4\Shoplifting042_x264_8.mp4,0
Shoplifting\Shoplifting042_x264.mp4\Shoplifting042_x264_9.mp4,0
Shoplifting\Shoplifting042_x264.mp4\Shoplifting042_x264_10.mp4,0
Shoplifting\Shoplifting042_x264.mp4\Shoplifting042_x264_11.mp4,0
Shoplifting\Shoplifting042_x264.mp4\Shoplifting042_x264_12.mp4,0
Shoplifting\Shoplifting042_x264.mp4\Shoplifting042_x264_13.mp4,0
Shoplifting\Shoplifting042_x264.mp4\Shoplifting042_x264_14.mp4,1
Shoplifting\Shoplifting042_x264.mp4\Shoplifting042_x264_15.mp4,1
Shoplifting\Shoplifting042_x264.mp4\Shoplifting042_x264_16.mp4,0
Shoplifting\Shoplifting042_x264.mp4\Shoplifting042_x264_17.mp4,1
Shoplifting\Shoplifting042_x264.mp4\Shoplifting042_x264_18.mp4,1
Shoplifting\Shoplifting042_x264.mp4\Shoplifting042_x264_19.mp4,1
Shoplifting\Shoplifting042_x264.mp4\Shoplifting042_x264_20.mp4,0
Shoplifting\Shoplifting042_x264.mp4\Shoplifting042_x264_21.mp4,0
Shoplifting\Shoplifting042_x264.mp4\Shoplifting042_x264_22.mp4,0
Shoplifting\Shoplifting042_x264.mp4\Shoplifting042_x264_23.mp4,0
Shoplifting\Shoplifting042_x264.mp4\Shoplifting042_x264_24.mp4,0
Shoplifting\Shoplifting042_x264.mp4\Shoplifting042_x264_25.mp4,0
Shoplifting\Shoplifting042_x264.mp4\Shoplifting042_x264_26.mp4,0
Shoplifting\Shoplifting042_x264.mp4\Shoplifting042_x264_27.mp4,0
Shoplifting\Shoplifting042_x264.mp4\Shoplifting042_x264_28.mp4,0
Shoplifting\Shoplifting042_x264.mp4\Shoplifting042_x264_29.mp4,0
Shoplifting\Shoplifting042_x264.mp4\Shoplifting042_x264_30.mp4,0
Shoplifting\Shoplifting042_x264.mp4\Shoplifting042_x264_31.mp4,0
Shoplifting\Shoplifting045_x264.mp4\Shoplifting045_x264_0.mp4,0
Shoplifting\Shoplifting045_x264.mp4\Shoplifting045_x264_1.mp4,0
Shoplifting\Shoplifting045_x264.mp4\Shoplifting045_x264_2.mp4,0
Shoplifting\Shoplifting045_x264.mp4\Shoplifting045_x264_3.mp4,0
Shoplifting\Shoplifting045_x264.mp4\Shoplifting045_x264_4.mp4,0
Shoplifting\Shoplifting045_x264.mp4\Shoplifting045_x264_5.mp4,0
Shoplifting\Shoplifting045_x264.mp4\Shoplifting045_x264_6.mp4,0
Shoplifting\Shoplifting045_x264.mp4\Shoplifting045_x264_7.mp4,0
Shoplifting\Shoplifting045_x264.mp4\Shoplifting045_x264_8.mp4,0
Shoplifting\Shoplifting045_x264.mp4\Shoplifting045_x264_9.mp4,0
Shoplifting\Shoplifting045_x264.mp4\Shoplifting045_x264_10.mp4,0
Shoplifting\Shoplifting045_x264.mp4\Shoplifting045_x264_11.mp4,0
Shoplifting\Shoplifting045_x264.mp4\Shoplifting045_x264_12.mp4,0
Shoplifting\Shoplifting045_x264.mp4\Shoplifting045_x264_13.mp4,0
Shoplifting\Shoplifting045_x264.mp4\Shoplifting045_x264_14.mp4,0
Shoplifting\Shoplifting045_x264.mp4\Shoplifting045_x264_15.mp4,0
Shoplifting\Shoplifting045_x264.mp4\Shoplifting045_x264_16.mp4,0
Shoplifting\Shoplifting045_x264.mp4\Shoplifting045_x264_17.mp4,0
Shoplifting\Shoplifting045_x264.mp4\Shoplifting045_x264_18.mp4,0
Shoplifting\Shoplifting045_x264.mp4\Shoplifting045_x264_19.mp4,0
Shoplifting\Shoplifting045_x264.mp4\Shoplifting045_x264_20.mp4,0
Shoplifting\Shoplifting045_x264.mp4\Shoplifting045_x264_21.mp4,0
Shoplifting\Shoplifting045_x264.mp4\Shoplifting045_x264_22.mp4,0
Shoplifting\Shoplifting045_x264.mp4\Shoplifting045_x264_23.mp4,0
Shoplifting\Shoplifting045_x264.mp4\Shoplifting045_x264_24.mp4,0
Shoplifting\Shoplifting045_x264.mp4\Shoplifting045_x264_25.mp4,0
Shoplifting\Shoplifting045_x264.mp4\Shoplifting045_x264_26.mp4,1
Shoplifting\Shoplifting045_x264.mp4\Shoplifting045_x264_27.mp4,1
Shoplifting\Shoplifting045_x264.mp4\Shoplifting045_x264_28.mp4,1
Shoplifting\Shoplifting045_x264.mp4\Shoplifting045_x264_29.mp4,1
Shoplifting\Shoplifting045_x264.mp4\Shoplifting045_x264_30.mp4,0
Shoplifting\Shoplifting045_x264.mp4\Shoplifting045_x264_31.mp4,0
Shoplifting\Shoplifting047_x264.mp4\Shoplifting047_x264_0.mp4,0
Shoplifting\Shoplifting047_x264.mp4\Shoplifting047_x264_1.mp4,0
Shoplifting\Shoplifting047_x264.mp4\Shoplifting047_x264_2.mp4,0
Shoplifting\Shoplifting047_x264.mp4\Shoplifting047_x264_3.mp4,0
Shoplifting\Shoplifting047_x264.mp4\Shoplifting047_x264_4.mp4,0
Shoplifting\Shoplifting047_x264.mp4\Shoplifting047_x264_5.mp4,0
Shoplifting\Shoplifting047_x264.mp4\Shoplifting047_x264_6.mp4,0
Shoplifting\Shoplifting047_x264.mp4\Shoplifting047_x264_7.mp4,0
Shoplifting\Shoplifting047_x264.mp4\Shoplifting047_x264_8.mp4,0
Shoplifting\Shoplifting047_x264.mp4\Shoplifting047_x264_9.mp4,0
Shoplifting\Shoplifting047_x264.mp4\Shoplifting047_x264_10.mp4,0
Shoplifting\Shoplifting047_x264.mp4\Shoplifting047_x264_11.mp4,0
Shoplifting\Shoplifting047_x264.mp4\Shoplifting047_x264_12.mp4,0
Shoplifting\Shoplifting047_x264.mp4\Shoplifting047_x264_13.mp4,0
Shoplifting\Shoplifting047_x264.mp4\Shoplifting047_x264_14.mp4,0
Shoplifting\Shoplifting047_x264.mp4\Shoplifting047_x264_15.mp4,0
Shoplifting\Shoplifting047_x264.mp4\Shoplifting047_x264_16.mp4,0
Shoplifting\Shoplifting047_x264.mp4\Shoplifting047_x264_17.mp4,0
Shoplifting\Shoplifting047_x264.mp4\Shoplifting047_x264_18.mp4,0
Shoplifting\Shoplifting047_x264.mp4\Shoplifting047_x264_19.mp4,0
Shoplifting\Shoplifting047_x264.mp4\Shoplifting047_x264_20.mp4,0
Shoplifting\Shoplifting047_x264.mp4\Shoplifting047_x264_21.mp4,1
Shoplifting\Shoplifting047_x264.mp4\Shoplifting047_x264_22.mp4,1
Shoplifting\Shoplifting047_x264.mp4\Shoplifting047_x264_23.mp4,0
Shoplifting\Shoplifting047_x264.mp4\Shoplifting047_x264_24.mp4,0
Shoplifting\Shoplifting047_x264.mp4\Shoplifting047_x264_25.mp4,0
Shoplifting\Shoplifting047_x264.mp4\Shoplifting047_x264_26.mp4,0
Shoplifting\Shoplifting047_x264.mp4\Shoplifting047_x264_27.mp4,1
Shoplifting\Shoplifting047_x264.mp4\Shoplifting047_x264_28.mp4,1
Shoplifting\Shoplifting047_x264.mp4\Shoplifting047_x264_29.mp4,1
Shoplifting\Shoplifting047_x264.mp4\Shoplifting047_x264_30.mp4,1
Shoplifting\Shoplifting047_x264.mp4\Shoplifting047_x264_31.mp4,1
Shoplifting\Shoplifting048_x264.mp4\Shoplifting048_x264_0.mp4,0
Shoplifting\Shoplifting048_x264.mp4\Shoplifting048_x264_1.mp4,0
Shoplifting\Shoplifting048_x264.mp4\Shoplifting048_x264_2.mp4,1
Shoplifting\Shoplifting048_x264.mp4\Shoplifting048_x264_3.mp4,1
Shoplifting\Shoplifting048_x264.mp4\Shoplifting048_x264_4.mp4,0
Shoplifting\Shoplifting048_x264.mp4\Shoplifting048_x264_5.mp4,0
Shoplifting\Shoplifting048_x264.mp4\Shoplifting048_x264_6.mp4,0
Shoplifting\Shoplifting048_x264.mp4\Shoplifting048_x264_7.mp4,0
Shoplifting\Shoplifting048_x264.mp4\Shoplifting048_x264_8.mp4,0
Shoplifting\Shoplifting048_x264.mp4\Shoplifting048_x264_9.mp4,0
Shoplifting\Shoplifting048_x264.mp4\Shoplifting048_x264_10.mp4,1
Shoplifting\Shoplifting048_x264.mp4\Shoplifting048_x264_11.mp4,1
Shoplifting\Shoplifting048_x264.mp4\Shoplifting048_x264_12.mp4,1
Shoplifting\Shoplifting048_x264.mp4\Shoplifting048_x264_13.mp4,0
Shoplifting\Shoplifting048_x264.mp4\Shoplifting048_x264_14.mp4,0
Shoplifting\Shoplifting048_x264.mp4\Shoplifting048_x264_15.mp4,0
Shoplifting\Shoplifting048_x264.mp4\Shoplifting048_x264_16.mp4,0
Shoplifting\Shoplifting048_x264.mp4\Shoplifting048_x264_17.mp4,0
Shoplifting\Shoplifting048_x264.mp4\Shoplifting048_x264_18.mp4,0
Shoplifting\Shoplifting048_x264.mp4\Shoplifting048_x264_19.mp4,0
Shoplifting\Shoplifting048_x264.mp4\Shoplifting048_x264_20.mp4,0
Shoplifting\Shoplifting048_x264.mp4\Shoplifting048_x264_21.mp4,0
Shoplifting\Shoplifting048_x264.mp4\Shoplifting048_x264_22.mp4,0
Shoplifting\Shoplifting048_x264.mp4\Shoplifting048_x264_23.mp4,0
Shoplifting\Shoplifting048_x264.mp4\Shoplifting048_x264_24.mp4,0
Shoplifting\Shoplifting048_x264.mp4\Shoplifting048_x264_25.mp4,0
Shoplifting\Shoplifting048_x264.mp4\Shoplifting048_x264_26.mp4,0
Shoplifting\Shoplifting048_x264.mp4\Shoplifting048_x264_27.mp4,0
Shoplifting\Shoplifting048_x264.mp4\Shoplifting048_x264_28.mp4,0
Shoplifting\Shoplifting048_x264.mp4\Shoplifting048_x264_29.mp4,0
Shoplifting\Shoplifting048_x264.mp4\Shoplifting048_x264_30.mp4,0
Shoplifting\Shoplifting048_x264.mp4\Shoplifting048_x264_31.mp4,0
Shoplifting\Shoplifting049_x264.mp4\Shoplifting049_x264_0.mp4,0
Shoplifting\Shoplifting049_x264.mp4\Shoplifting049_x264_1.mp4,0
Shoplifting\Shoplifting049_x264.mp4\Shoplifting049_x264_2.mp4,0
Shoplifting\Shoplifting049_x264.mp4\Shoplifting049_x264_3.mp4,0
Shoplifting\Shoplifting049_x264.mp4\Shoplifting049_x264_4.mp4,0
Shoplifting\Shoplifting049_x264.mp4\Shoplifting049_x264_5.mp4,0
Shoplifting\Shoplifting049_x264.mp4\Shoplifting049_x264_6.mp4,0
Shoplifting\Shoplifting049_x264.mp4\Shoplifting049_x264_7.mp4,0
Shoplifting\Shoplifting049_x264.mp4\Shoplifting049_x264_8.mp4,0
Shoplifting\Shoplifting049_x264.mp4\Shoplifting049_x264_9.mp4,0
Shoplifting\Shoplifting049_x264.mp4\Shoplifting049_x264_10.mp4,0
Shoplifting\Shoplifting049_x264.mp4\Shoplifting049_x264_11.mp4,0
Shoplifting\Shoplifting049_x264.mp4\Shoplifting049_x264_12.mp4,0
Shoplifting\Shoplifting049_x264.mp4\Shoplifting049_x264_13.mp4,0
Shoplifting\Shoplifting049_x264.mp4\Shoplifting049_x264_14.mp4,0
Shoplifting\Shoplifting049_x264.mp4\Shoplifting049_x264_15.mp4,0
Shoplifting\Shoplifting049_x264.mp4\Shoplifting049_x264_16.mp4,0
Shoplifting\Shoplifting049_x264.mp4\Shoplifting049_x264_17.mp4,1
Shoplifting\Shoplifting049_x264.mp4\Shoplifting049_x264_18.mp4,1
Shoplifting\Shoplifting049_x264.mp4\Shoplifting049_x264_19.mp4,1
Shoplifting\Shoplifting049_x264.mp4\Shoplifting049_x264_20.mp4,1
Shoplifting\Shoplifting049_x264.mp4\Shoplifting049_x264_21.mp4,1
Shoplifting\Shoplifting049_x264.mp4\Shoplifting049_x264_22.mp4,1
Shoplifting\Shoplifting049_x264.mp4\Shoplifting049_x264_23.mp4,0
Shoplifting\Shoplifting049_x264.mp4\Shoplifting049_x264_24.mp4,0
Shoplifting\Shoplifting049_x264.mp4\Shoplifting049_x264_25.mp4,0
Shoplifting\Shoplifting049_x264.mp4\Shoplifting049_x264_26.mp4,0
Shoplifting\Shoplifting049_x264.mp4\Shoplifting049_x264_27.mp4,0
Shoplifting\Shoplifting049_x264.mp4\Shoplifting049_x264_28.mp4,0
Shoplifting\Shoplifting049_x264.mp4\Shoplifting049_x264_29.mp4,0
Shoplifting\Shoplifting049_x264.mp4\Shoplifting049_x264_30.mp4,0
Shoplifting\Shoplifting049_x264.mp4\Shoplifting049_x264_31.mp4,0
Shoplifting\Shoplifting050_x264.mp4\Shoplifting050_x264_0.mp4,0
Shoplifting\Shoplifting050_x264.mp4\Shoplifting050_x264_1.mp4,0
Shoplifting\Shoplifting050_x264.mp4\Shoplifting050_x264_2.mp4,0
Shoplifting\Shoplifting050_x264.mp4\Shoplifting050_x264_3.mp4,0
Shoplifting\Shoplifting050_x264.mp4\Shoplifting050_x264_4.mp4,0
Shoplifting\Shoplifting050_x264.mp4\Shoplifting050_x264_5.mp4,0
Shoplifting\Shoplifting050_x264.mp4\Shoplifting050_x264_6.mp4,0
Shoplifting\Shoplifting050_x264.mp4\Shoplifting050_x264_7.mp4,0
Shoplifting\Shoplifting050_x264.mp4\Shoplifting050_x264_8.mp4,0
Shoplifting\Shoplifting050_x264.mp4\Shoplifting050_x264_9.mp4,0
Shoplifting\Shoplifting050_x264.mp4\Shoplifting050_x264_10.mp4,0
Shoplifting\Shoplifting050_x264.mp4\Shoplifting050_x264_11.mp4,0
Shoplifting\Shoplifting050_x264.mp4\Shoplifting050_x264_12.mp4,0
Shoplifting\Shoplifting050_x264.mp4\Shoplifting050_x264_13.mp4,0
Shoplifting\Shoplifting050_x264.mp4\Shoplifting050_x264_14.mp4,0
Shoplifting\Shoplifting050_x264.mp4\Shoplifting050_x264_15.mp4,0
Shoplifting\Shoplifting050_x264.mp4\Shoplifting050_x264_16.mp4,0
Shoplifting\Shoplifting050_x264.mp4\Shoplifting050_x264_17.mp4,0
Shoplifting\Shoplifting050_x264.mp4\Shoplifting050_x264_18.mp4,0
Shoplifting\Shoplifting050_x264.mp4\Shoplifting050_x264_19.mp4,0
Shoplifting\Shoplifting050_x264.mp4\Shoplifting050_x264_20.mp4,0
Shoplifting\Shoplifting050_x264.mp4\Shoplifting050_x264_21.mp4,0
Shoplifting\Shoplifting050_x264.mp4\Shoplifting050_x264_22.mp4,0
Shoplifting\Shoplifting050_x264.mp4\Shoplifting050_x264_23.mp4,0
Shoplifting\Shoplifting050_x264.mp4\Shoplifting050_x264_24.mp4,0
Shoplifting\Shoplifting050_x264.mp4\Shoplifting050_x264_25.mp4,0
Shoplifting\Shoplifting050_x264.mp4\Shoplifting050_x264_26.mp4,0
Shoplifting\Shoplifting050_x264.mp4\Shoplifting050_x264_27.mp4,0
Shoplifting\Shoplifting050_x264.mp4\Shoplifting050_x264_28.mp4,1
Shoplifting\Shoplifting050_x264.mp4\Shoplifting050_x264_29.mp4,1
Shoplifting\Shoplifting050_x264.mp4\Shoplifting050_x264_30.mp4,1
Shoplifting\Shoplifting050_x264.mp4\Shoplifting050_x264_31.mp4,0
Shoplifting\Shoplifting053_x264.mp4\Shoplifting053_x264_0.mp4,0
Shoplifting\Shoplifting053_x264.mp4\Shoplifting053_x264_1.mp4,0
Shoplifting\Shoplifting053_x264.mp4\Shoplifting053_x264_2.mp4,0
Shoplifting\Shoplifting053_x264.mp4\Shoplifting053_x264_3.mp4,0
Shoplifting\Shoplifting053_x264.mp4\Shoplifting053_x264_4.mp4,0
Shoplifting\Shoplifting053_x264.mp4\Shoplifting053_x264_5.mp4,0
Shoplifting\Shoplifting053_x264.mp4\Shoplifting053_x264_6.mp4,0
Shoplifting\Shoplifting053_x264.mp4\Shoplifting053_x264_7.mp4,0
Shoplifting\Shoplifting053_x264.mp4\Shoplifting053_x264_8.mp4,0
Shoplifting\Shoplifting053_x264.mp4\Shoplifting053_x264_9.mp4,0
Shoplifting\Shoplifting053_x264.mp4\Shoplifting053_x264_10.mp4,0
Shoplifting\Shoplifting053_x264.mp4\Shoplifting053_x264_11.mp4,0
Shoplifting\Shoplifting053_x264.mp4\Shoplifting053_x264_12.mp4,0
Shoplifting\Shoplifting053_x264.mp4\Shoplifting053_x264_13.mp4,0
Shoplifting\Shoplifting053_x264.mp4\Shoplifting053_x264_14.mp4,0
Shoplifting\Shoplifting053_x264.mp4\Shoplifting053_x264_15.mp4,0
Shoplifting\Shoplifting053_x264.mp4\Shoplifting053_x264_16.mp4,0
Shoplifting\Shoplifting053_x264.mp4\Shoplifting053_x264_17.mp4,0
Shoplifting\Shoplifting053_x264.mp4\Shoplifting053_x264_18.mp4,0
Shoplifting\Shoplifting053_x264.mp4\Shoplifting053_x264_19.mp4,0
Shoplifting\Shoplifting053_x264.mp4\Shoplifting053_x264_20.mp4,0
Shoplifting\Shoplifting053_x264.mp4\Shoplifting053_x264_21.mp4,0
Shoplifting\Shoplifting053_x264.mp4\Shoplifting053_x264_22.mp4,0
Shoplifting\Shoplifting053_x264.mp4\Shoplifting053_x264_23.mp4,0
Shoplifting\Shoplifting053_x264.mp4\Shoplifting053_x264_24.mp4,0
Shoplifting\Shoplifting053_x264.mp4\Shoplifting053_x264_25.mp4,0
Shoplifting\Shoplifting053_x264.mp4\Shoplifting053_x264_26.mp4,0
Shoplifting\Shoplifting053_x264.mp4\Shoplifting053_x264_27.mp4,0
Shoplifting\Shoplifting053_x264.mp4\Shoplifting053_x264_28.mp4,1
Shoplifting\Shoplifting053_x264.mp4\Shoplifting053_x264_29.mp4,1
Shoplifting\Shoplifting053_x264.mp4\Shoplifting053_x264_30.mp4,0
Shoplifting\Shoplifting053_x264.mp4\Shoplifting053_x264_31.mp4,0
Shoplifting\Shoplifting054_x264.mp4\Shoplifting054_x264_0.mp4,0
Shoplifting\Shoplifting054_x264.mp4\Shoplifting054_x264_1.mp4,0
Shoplifting\Shoplifting054_x264.mp4\Shoplifting054_x264_2.mp4,0
Shoplifting\Shoplifting054_x264.mp4\Shoplifting054_x264_3.mp4,0
Shoplifting\Shoplifting054_x264.mp4\Shoplifting054_x264_4.mp4,0
Shoplifting\Shoplifting054_x264.mp4\Shoplifting054_x264_5.mp4,0
Shoplifting\Shoplifting054_x264.mp4\Shoplifting054_x264_6.mp4,0
Shoplifting\Shoplifting054_x264.mp4\Shoplifting054_x264_7.mp4,0
Shoplifting\Shoplifting054_x264.mp4\Shoplifting054_x264_8.mp4,0
Shoplifting\Shoplifting054_x264.mp4\Shoplifting054_x264_9.mp4,0
Shoplifting\Shoplifting054_x264.mp4\Shoplifting054_x264_10.mp4,0
Shoplifting\Shoplifting054_x264.mp4\Shoplifting054_x264_11.mp4,0
Shoplifting\Shoplifting054_x264.mp4\Shoplifting054_x264_12.mp4,0
Shoplifting\Shoplifting054_x264.mp4\Shoplifting054_x264_13.mp4,0
Shoplifting\Shoplifting054_x264.mp4\Shoplifting054_x264_14.mp4,0
Shoplifting\Shoplifting054_x264.mp4\Shoplifting054_x264_15.mp4,0
Shoplifting\Shoplifting054_x264.mp4\Shoplifting054_x264_16.mp4,0
Shoplifting\Shoplifting054_x264.mp4\Shoplifting054_x264_17.mp4,0
Shoplifting\Shoplifting054_x264.mp4\Shoplifting054_x264_18.mp4,0
Shoplifting\Shoplifting054_x264.mp4\Shoplifting054_x264_19.mp4,0
Shoplifting\Shoplifting054_x264.mp4\Shoplifting054_x264_20.mp4,0
Shoplifting\Shoplifting054_x264.mp4\Shoplifting054_x264_21.mp4,0
Shoplifting\Shoplifting054_x264.mp4\Shoplifting054_x264_22.mp4,0
Shoplifting\Shoplifting054_x264.mp4\Shoplifting054_x264_23.mp4,1
Shoplifting\Shoplifting054_x264.mp4\Shoplifting054_x264_24.mp4,1
Shoplifting\Shoplifting054_x264.mp4\Shoplifting054_x264_25.mp4,0
Shoplifting\Shoplifting054_x264.mp4\Shoplifting054_x264_26.mp4,0
Shoplifting\Shoplifting054_x264.mp4\Shoplifting054_x264_27.mp4,0
Shoplifting\Shoplifting054_x264.mp4\Shoplifting054_x264_28.mp4,0
Shoplifting\Shoplifting054_x264.mp4\Shoplifting054_x264_29.mp4,0
Shoplifting\Shoplifting054_x264.mp4\Shoplifting054_x264_30.mp4,0
Shoplifting\Shoplifting054_x264.mp4\Shoplifting054_x264_31.mp4,0
